licence,postcode
CFQD18,SW1A 2AB
CFQD26,SW1A 2AB
CFQD34,SW1A 2AB
CFQD42,SW1A 2AB
CFQD59,SW1A 2AB
CFQD67,SW1A 2AB
CFQD75,SW1A 2AB
CFQD83,SW1A 2AB
CFQD91,SW1A 2AB
CFQD00,SW1A 2AB
CFQFA1,SW1A 2AB
CFQFB9,SW1A 2AB
CFQFC7,SW1A 2AB
CFQFD4,SW1A 2AB
CFQFE2,SW1A 2AB
CFQFF0,SW1A 2AB
CFQFG8,SW1A 2AB
CFQFH6,SW1A 2AB
CFQFJ1,SW1A 2AB
CFQFK9,SW1A 2AB
CFQFL7,SW1A 2AB
CFQFM5,SW1A 2AB
CFQFN2,SW1A 2AB
CFQFP8,SW1A 2AB
CFQFQ6,SW1A 2AB
CFQFR4,SW1A 2AB
CFQFS1,SW1A 2AB
CFQFT9,SW1A 2AB
CFQFU7,SW1A 2AB
CFQFV5,SW1A 2AB
CFQFW3,SW1A 2AB
CFQFX0,SW1A 2AB
CFQFY8,SW1A 2AB
CFQFZ6,SW1A 2AB
CFQF16,SW1A 2AB
CFQF24,SW1A 2AB
CFQF32,SW1A 2AB
CFQF40,SW1A 2AB
CFQF57,SW1A 2AB
CFQF65,SW1A 2AB
CFQF73,SW1A 2AB
CFQF81,SW1A 2AB
CFQF99,SW1A 2AB
CFQF08,SW1A 2AB
CFQGA0,SW1A 2AB
CFQGB8,SW1A 2AB
CFQGC6,SW1A 2AB
CFQGD3,SW1A 2AB
CFQGE1,SW1A 2AB
CFQGF9,SW1A 2AB
CFQGG7,SW1A 2AB
CFQGH5,SW1A 2AB
CFQGJ0,SW1A 2AB
CFQGK8,SW1A 2AB
CFQGL6,SW1A 2AB
CFQGM4,SW1A 2AB
CFQGN1,SW1A 2AB
CFQGP7,SW1A 2AB
CFQGQ5,SW1A 2AB
CFQGR3,SW1A 2AB
CFQGS0,SW1A 2AB
CFQGT8,SW1A 2AB
CFQGU6,SW1A 2AB
CFQGV4,SW1A 2AB
CFQGW2,SW1A 2AB
CFQGX9,SW1A 2AB
CFQGY7,SW1A 2AB
CFQGZ5,SW1A 2AB
CFQG15,SW1A 2AB
CFQG23,SW1A 2AB
CFQG31,SW1A 2AB
CFQG49,SW1A 2AB
CFQG56,SW1A 2AB
CFQG64,SW1A 2AB
CFQG72,SW1A 2AB
CFQG80,SW1A 2AB
CFQG98,SW1A 2AB
CFQG07,SW1A 2AB
CFQHA9,SW1A 2AB
CFQHB7,SW1A 2AB
CFQHC5,SW1A 2AB
CFQHD2,SW1A 2AB
CFQHE0,SW1A 2AB
CFQHF8,SW1A 2AB
CFQHG6,SW1A 2AB
CFQHH4,SW1A 2AB
CFQHJ9,SW1A 2AB
CFQHK7,SW1A 2AB
CFQHL5,SW1A 2AB
CFQHM3,SW1A 2AB
CFQHN0,SW1A 2AB
CFQHP6,SW1A 2AB
CFQHQ4,SW1A 2AB
CFQHR2,SW1A 2AB
CFQHS9,SW1A 2AB
CFQHT7,SW1A 2AB
CFQHU5,SW1A 2AB
CFQHV3,SW1A 2AB
CFQHW1,SW1A 2AB
CFQHX8,SW1A 2AB